相对路径,字节数,SHA-256
README.md,1324,8d61d2bc59c41f85287b175c4363cce65c925c9f185526767b244ff7c6f1d4ae
归档/2026-09-30终校/README.md,1934,24b5d1b8a40ead8178eb46543e1aa48a8f8640b29ce5eedb66cf96f2b7f299b0
归档/2026-09-30终校/修订前原稿/目录约束双档案遗传优化及其在三相油浸式变压器离散设计中的基准测试研究 - 副本.docx,1977354,94f6bb90814c4add398094ec15a8d0c5add44c2c31d44eb631232f1e224691f0
归档/2026-09-30终校/修订前原稿/目录约束双档案遗传优化及其在三相油浸式变压器离散设计中的基准测试研究.docx,1977354,94f6bb90814c4add398094ec15a8d0c5add44c2c31d44eb631232f1e224691f0
归档/2026-09-30终校/修订前原稿/目录约束双档案遗传优化及其在三相油浸式变压器离散设计中的基准测试研究.pdf,2015024,3a743260d4a63de3bd0c87cfded761248dcc56f4a1f02bb903935f500e1257b2
归档/2026-09-30终校/历史修订说明/论文V4.3修改说明-2026-09-28.md,3880,a269d37dffc96713384a3400d44b24400c95eb64511a9016392d9651f73ecb09
归档/2026-09-30终校/历史修订说明/论文V4.4修改说明-2026-09-28.md,3890,3ea29b7096469724834be22e6ffce1827e664f594004c0fb77098cd6eb4a4c8b
归档/2026-09-30终校/历史修订说明/论文V4.5修改说明-2026-09-28.md,2972,fd58e143109a3cccf0eb18d9d2ceae88ac7824fe8edfb2eb8ff1a99f5ef6840e
归档/2026-09-30终校/历史修订说明/论文V4.6修改说明-2026-09-28.md,3768,1ff37136a9a84517e6cee263ba37a6e5a952afed0c2404a955feb28dd25f94ee
归档/2026-09-30终校/历史修订说明/论文V4.7主比较口径校正说明-2026-09-29.md,2824,3cd1a858202a1797f15700501f4d5a7467bb5e7c38964287ff6c785144f8cd18
归档/2026-09-30终校/历史修订说明/论文V4.8默认策略与诊断扩展边界收紧说明-2026-09-29.md,3565,7f5b633c608f02f3fe261c76c2cb14f176d9a8291c724b1df208526f2c7c7c01
归档/2026-09-30终校/历史修订说明/论文V4.9统计表述与术语终校说明-2026-09-29.md,2581,e16badce1ee5336e2f862a1740cbce6aa16ae77efafceefd6a13f21618060732
归档/2026-09-30终校/历史修订说明/论文V5.0终校术语统一说明-2026-09-29.md,1499,17699aa8ccd1625ad1cae78be0a946f5154c04dcc358d01d403183af71a9637c
归档/2026-09-30终校/历史修订说明/论文V5.1扩展批次负结果与全场景披露说明-2026-09-29.md,1760,aefb9be099e72e66125fb7a98e45ffe2a59d367e627e4416c161efd8539b0c8c
归档/2026-09-30终校/历史修订说明/论文V5.2终校措辞与证据边界收紧说明-2026-09-29.md,1172,eca016977b0e7de962e2757b02437d4b23e86e38dce35ca9528e9610c3fa27e4
归档/2026-09-30终校/历史修订说明/论文V5.3扩展批次配置边界与终校排版说明-2026-09-29.md,2256,9d02ca31162b96f78e6b93bf63e500e375fd07e10ae5b213b9d69d23a7533904
归档/2026-09-30终校/历史修订说明/论文V5.4图表编号与双栏排版终校说明-2026-09-29.md,2705,18887152c7913676a9bf567dd270d40c60353c8cf5be9f4f2d37ee8e7aa71fd5
归档/2026-09-30终校/历史修订说明/论文V5.5双档案流程与配对成本图重绘说明-2026-09-29.md,2348,897009c60af0362c4d1de7cd7333d00033f87688a6759a9e61b0c84de64976ed
归档/2026-09-30终校/历史修订说明/论文V5.8投稿前排版终校说明-2026-09-29.md,2155,b1e40f6550b01df86eb8b03151a7f40558b353583e9ffd27c9b9953ed6edb494
归档/2026-09-30终校/历史修订说明/论文V5.9投稿前终稿版式收紧说明-2026-09-29.md,2210,a83a03d323b92d2eb88612069036d881b30178ea39318f5109e134188a85c555
归档/2026-09-30终校/历史修订说明/论文V6.2送审前字符图表与引用终校说明-2026-09-29.md,4346,e1253c02088717be9333447f7c76bee6cccda33b31f897d878c5cd5d3e8852f8
归档/2026-09-30终校/历史图表/tmp_media,185552,109fe077700138f37b50d95ff37c72f4aade8ce621a566a26b8136e07d6ba641
归档/2026-09-30终校/历史图表/图表-真实测试结果/render_figure2_catalogue_atomicity_0928.js,2919,794379ab38fc795a55d7da140748d9bf6b10d548c6f513915375bede800c8086
归档/2026-09-30终校/历史图表/图表-真实测试结果/render_figure4_consistency_0928.js,3541,ae2c75ac8ee556fc6f75624ea98676abd625a4d7e3ae0e90db0b86b95d0f0bc0
归档/2026-09-30终校/历史图表/图表-真实测试结果/V4.3_全文缩略图.png,972517,062faab4a4e3b179ed1faa7e13720a3df02ddf077566627abc1ae37c9968684d
归档/2026-09-30终校/历史图表/图表-真实测试结果/V4.3_第3页.png,226375,356e4ad777929c5acd16b957e21c456cf3ae3f8ae41e9b334ca3a0a4d464f9c6
归档/2026-09-30终校/历史图表/图表-真实测试结果/V4.3_第3页_修订.png,224879,337d1ac8e58af4714037dd052cdf6baeaa74a0eb38af3b3ec168a0f877a7f295
归档/2026-09-30终校/历史图表/图表-真实测试结果/V4.3_第3页_图2终校.png,216884,9ea0a944697490767b1952853729e261611d180d24bea90d139a2953dc9e0007
归档/2026-09-30终校/历史图表/图表-真实测试结果/V4.3_第3页_终版.png,222313,7b715a7acce8f7cef03514a800fc3e1b1f18c0424baeaccfcc21f6342589a76a
归档/2026-09-30终校/历史图表/图表-真实测试结果/V4.3_第4至5页.png,444521,1e9563ce5f0cccfb59e37017b939bbc25d1c105bb89694ee8a6844a6b857c9ef
归档/2026-09-30终校/历史图表/图表-真实测试结果/V4.3_第6至7页.png,431034,7089f32bf6bcd8a4962d04adade6f696e4da08342893e7cf3503b029559f5867
归档/2026-09-30终校/历史图表/图表-真实测试结果/图2_完整目录记录与非法属性拼接.svg,2781,29e7b34e664d8d9f89b6df881e18a137b2998909337cc53e6de9a88dbd03e1b4
归档/2026-09-30终校/历史图表/图表-真实测试结果/图4_JavaPython一致性核验.png,182958,878abf9e401734e083414afc4517715cce3a977f61e1192ad06cb04bd9389099
归档/2026-09-30终校/历史图表/图表-真实测试结果/图4_JavaPython一致性核验.svg,0,e3b0c44298fc1c149afbf4c8996fb92427ae41e4649b934ca495991b7852b855
归档/2026-09-30终校/历史图表/图表-真实测试结果/图4_JavaPython一致性核验_13记录.png,63604,43b59147d8b1dce9d133aef81e6f45ed13109f32c4e0662711a396965251243b
归档/2026-09-30终校/历史图表/图表-真实测试结果/图4_JavaPython一致性核验_13记录.svg,0,e3b0c44298fc1c149afbf4c8996fb92427ae41e4649b934ca495991b7852b855
归档/2026-09-30终校/历史图表/图表-真实测试结果/图5_严格可行率与精算调用量.png,144015,869f15e212ebc1cf22b71a61ee97744f7bd24e56b60190048f91886852e51698
归档/2026-09-30终校/历史图表/图表-真实测试结果/图5_严格可行率与精算调用量.svg,0,e3b0c44298fc1c149afbf4c8996fb92427ae41e4649b934ca495991b7852b855
归档/2026-09-30终校/历史图表/图表-真实测试结果/图6_配对成本效应量.png,114770,ac1139e222163f4a004b8b2f1d4f874c2cf73d35e6f70cb255930d12d1ab5a29
归档/2026-09-30终校/历史图表/图表-真实测试结果/图6_配对成本效应量.svg,0,e3b0c44298fc1c149afbf4c8996fb92427ae41e4649b934ca495991b7852b855
归档/2026-09-30终校/历史图表/图表-真实测试结果/图7_累积消融严格可行率.png,146182,56ed53a36a11c34f0d3d9544c8d41784099eb5f7d266948fe82f05c936b33195
归档/2026-09-30终校/历史图表/图表-真实测试结果/图7_累积消融严格可行率.svg,0,e3b0c44298fc1c149afbf4c8996fb92427ae41e4649b934ca495991b7852b855
归档/2026-09-30终校/历史图表/图表-真实测试结果/图8_多样性描述统计.png,100445,e215f14c70b6e164eca43e01e729ef52b94d949837768c28e5d6fd37f7e27519
归档/2026-09-30终校/历史图表/图表-真实测试结果/图8_多样性描述统计.svg,0,e3b0c44298fc1c149afbf4c8996fb92427ae41e4649b934ca495991b7852b855
归档/2026-09-30终校/历史图表/图表-真实测试结果/图9_失败运行主导约束构成.png,150591,94b08f97e02dcec6f02d732aa15f706928bdf083ae9a2d2cf9b7163573573c25
归档/2026-09-30终校/历史图表/图表-真实测试结果/图9_失败运行主导约束构成.svg,0,e3b0c44298fc1c149afbf4c8996fb92427ae41e4649b934ca495991b7852b855
归档/2026-09-30终校/历史图表/图表-送外审终校V6.16/图1_工程优化闭环.png,141858,ef31c4d965b13a855ba2b6edfee0bb17e90a6e515876fb3156076806753eff95
归档/2026-09-30终校/历史图表/图表-送外审终校V6.16/图2_目录记录整体继承_对照式重绘.png,279551,616659b61af11c43a129dd1d4b400b405dfeac7bafe0ad16b18fc8c0dc9db133
归档/2026-09-30终校/历史图表/图表-送外审终校V6.16/图3_双档案闭环_单独重绘.png,208886,9c29a4be5d1e57b3008d4fc7553358dd83fc36356f6c0d5d421abb5d302d1c3b
归档/2026-09-30终校/历史图表/图表-送外审终校V6.16/图4_主比较结果.png,211247,6d5d614e782abd305217ac42582297e2a8ada6b501c4111c02df12062e91c483
归档/2026-09-30终校/历史图表/图表-送外审终校V6.16/图5_配对成本变化率_森林图重绘.png,161094,96dac800d6d87c1ea08b970d3dd95a4498af4c4490621fce674108eb9f150e36
归档/2026-09-30终校/历史图表/图表-送外审终校V6.16/图6_策略变体点图.png,105175,39868a450f6f3b0154d2f5c00476144679afa5934032903b9d5417e9ea73cd13
归档/2026-09-30终校/历史图表/图表-送外审终校V6.16/图7_多样性点图.png,260745,94de6b32f0bf306bf3c9c25c979333f812ea09d18531dc4a9668a05a31c10112
归档/2026-09-30终校/历史图表/图表-送外审终校V6.16/图8_失败约束构成.png,260073,65b1eea8023fa03e5b2fa739ab248298f1b7347ffb6e7e04d7534a8a10f19cbb
归档/2026-09-30终校/历史图表/图表-送外审终校V6.16/图A1_计算链一致性.png,123051,0159dbca888ce8ad1c428b96bfccb381667f7ac911ba2760c7986fe784551106
归档/2026-09-30终校/历史图表/图表-送外审终校V6.16/重绘图2_对照式目录继承图.py,2782,f50790c587d14b6111ed8ba31a994c9bbb8bdb0c52e875ecfc70dad40e97007f
归档/2026-09-30终校/历史图表/图表-送外审终校V6.16/重绘图3_双档案闭环图.py,2173,a92b5ab384a8142f762cf8f6b7855c87cc208e33e3c47feb0b10139356874435
归档/2026-09-30终校/历史图表/图表-送外审终校V6.16/重绘图5_配对成本变化率森林图.py,2417,5300bc4d3690f218216af49a17e6c88ed59d42e4673bcd0fc9f746c3ec109e08
归档/2026-09-30终校/历史脚本/.finalize_paper_v610.py,2819,24edd0f1e2dbad5a9bac725dce81a00d6705b3bf14ecb7d74b0e76f3fb5ad948
归档/2026-09-30终校/历史脚本/.finalize_paper_v611.py,2998,b116c9900685cc03cf1414a2ed089aee6f91a7f11762bcd3fdecb60696cfd6db
归档/2026-09-30终校/历史脚本/.finalize_paper_v612.py,20498,a2f08fb11df4676ffd7ff3d6d73b215e1d0dddae4a2f863ffff9dd20065793fa
归档/2026-09-30终校/历史脚本/.finalize_paper_v62.py,7305,ed88c6b53dae047085e2b490cda30235f912b74f2d11bf44622962b8bb5e5f46
归档/2026-09-30终校/历史脚本/.finalize_paper_v64.py,13360,e2226572f375f5f6e118943bba3c1475286e86cdcf7766269efb148cf00fc0ce
归档/2026-09-30终校/历史脚本/.finalize_paper_v65.py,9214,2bee38a4b704068361447fbda33af5e5005ef552d635895bf0bdf597e23b2120
归档/2026-09-30终校/历史脚本/.finalize_paper_v66.py,4910,647743685b92b5481276add8069e3651e41b532b9340aab69bf59ae3c499d904
归档/2026-09-30终校/历史脚本/.finalize_paper_v67.py,8244,7ba05dd8245c24cf13002a674365af58d2bffb62a6d54321a0c6364c8154d029
归档/2026-09-30终校/历史脚本/.finalize_paper_v68.py,5421,4f8a1ce6ebd1fabce70206768f484402645f047dfab1cbf57d53d9193debb85b
归档/2026-09-30终校/历史脚本/.revise_paper_v61.py,21448,d3564c14ac5412b643f3b7d514154b2d2a5a0724002d12abfc3c2e068b5bc6ba
归档/2026-09-30终校/历史脚本/.style_paper_v63.py,11433,b2d28e1ea28ab531337777653423617e51ebfc6a49e464e9e162b93bb9eaac4c
归档/2026-09-30终校/终校源文件/check_statistics.py,1975,3d89c94b201152d01627450e58accd5c7b9ab8495b15c0d7bf5d2024dc1d2b66
归档/2026-09-30终校/终校源文件/edit_paper.py,14053,78aa284c8eae31a8ba145b09f9a69405005f7a8285f4653af42d5eb3661f62ed
归档/2026-09-30终校/终校源文件/export_word.ps1,611,c3d4c880727bbef1e2330e69214f19ae2cc4111dcabe53c33ae82641cf085c3b
归档/2026-09-30终校/终校源文件/figures/fig1.png,80924,411187c8ba8e082cbefd5419f62bc5b54dcbef622b7435940ec6cdfc31a4be60
归档/2026-09-30终校/终校源文件/figures/fig2.png,160693,6d5861c86cf15b9fc529b82e31c4f661278933a9413ec288158fec2547128ea6
归档/2026-09-30终校/终校源文件/figures/fig3.png,127137,eec2059781b8a37757336c0089d2280c8f54199178b196cdff278965de979e05
归档/2026-09-30终校/终校源文件/figures/fig4.png,171589,ee6c37acc425a2fce5feb9a1cdf98427604e2129103c84b6aee337543126898c
归档/2026-09-30终校/终校源文件/figures/fig5.png,120221,dcdd4ace7ee346347bc2cb58a331ec3627a29452edc2780820839a9a4ce2812f
归档/2026-09-30终校/终校源文件/figures/fig6.png,69246,deeca46ab9d4bf04672a6faa9be0f409d7280d5a3378dbc7a0801c8084c3d29f
归档/2026-09-30终校/终校源文件/figures/fig7.png,135628,db83e770da72406095434511a700308d312b7bd37433415fd8cf7050f98382c0
归档/2026-09-30终校/终校源文件/figures/fig8.png,260073,65b1eea8023fa03e5b2fa739ab248298f1b7347ffb6e7e04d7534a8a10f19cbb
归档/2026-09-30终校/终校源文件/figures/figA1.png,66850,fb0ecb93e79c015a18591a1562a2790cf62ff905d6437bfc5be59dcae9ca7f88
归档/2026-09-30终校/终校源文件/figures.py,7425,b51108b0c70912fd6d75e3d918a959ef543e30229c36062056aa160b4dffdf19
归档/2026-09-30终校/终校源文件/inspect_pdf.py,929,589bc641d113526f7a9b1796bc6a95de7e75056c0b01d8d8e11d0163ae0d1865
目录约束双档案遗传优化及其在三相油浸式变压器离散设计中的基准测试研究_终校版.docx,1310637,c9317c9aa00ea904b9e76892c1f99c0a9e38aef06cb958f21a8261131f379c4d
目录约束双档案遗传优化及其在三相油浸式变压器离散设计中的基准测试研究_终校版.pdf,2555339,ea48ff6e7f137b1f5017fad82b4718d98b700a7392a1f8ff8c46497f3a17eec1
