"Path","Bytes","SHA256"
"归档\2026-10-01送审修复\修复核验.json","1234","E9E617B8334B3F71A166737B5B1FC5EBE04C90C3CE6FE1EAD4EF0090338C3272"
"归档\2026-10-01送审修复\作者占位优化核验.json","1100","1AC8E7EFC8CF0613B361D6D43BF6AC61616086CEBDB042C276DBF1078BB45377"
"归档\2026-10-01送审修复\author_placeholder_polish.py","3298","78EB4E5E675ECF07084DE2077B123A3A45814B840369A1841FEBCDDAADF35654"
"归档\2026-10-01送审修复\README.md","2157","DAEDA1EFBAEDC8E0C2473F4AB8C0CF30104DFCAAAEDB0F26BD531CA0A0BA5209"
"归档\2026-10-01送审修复\repair_submission.py","8081","274CF1423C9715B28C2FE8C0161842DF4B2E82598DBD0E93BB31A84217C40569"
"归档\2026-10-01投稿准备\历史稿件\目录约束双档案遗传优化及其在三相油浸式变压器离散设计中的基准测试研究_送审修复版.docx","1052666","8BB86D7AB455E6FB91EB6147046F045B4D25080FCCFA4DAAC0E4A52B69DE3995"
"归档\2026-10-01投稿准备\历史稿件\目录约束双档案遗传优化及其在三相油浸式变压器离散设计中的基准测试研究_送审修复版.pdf","2515639","453EAB0A1DFE92DBC0634504812276A851A16FB6E5864A15766EA3661B2C260C"
"归档\2026-10-01投稿准备\历史稿件\目录约束双档案遗传优化及其在三相油浸式变压器离散设计中的基准测试研究_指标口径修订版.docx","1051531","B4AAF213E2A018BEF8EBAC808C3751628667F7131C6D4707AB1073E020888254"
"归档\2026-10-01投稿准备\历史稿件\目录约束双档案遗传优化及其在三相油浸式变压器离散设计中的基准测试研究_指标口径修订版.pdf","2530965","6733BD5C4C251751347742F7F06B02686DAACCA8DB88F40562D00C63C4AF6B20"
"归档\2026-10-01投稿准备\历史稿件\目录约束双档案遗传优化及其在三相油浸式变压器离散设计中的基准测试研究_终校版.docx","1310637","C9317C9AA00EA904B9E76892C1F99C0A9E38AEF06CB958F21A8261131F379C4D"
"归档\2026-10-01投稿准备\历史稿件\目录约束双档案遗传优化及其在三相油浸式变压器离散设计中的基准测试研究_终校版.pdf","2555339","EA48FF6E7F137B1F5017FAD82B4718D98B700A7392A1F8FF8C46497F3A17EEC1"
"归档\2026-10-01投稿准备\README.md","1308","C0FB5B88B310F98B2D9201D3C202DFE1489A0A94764518B612C682902BC16BE0"
"归档\2026-10-01指标口径修订\图7-五字段描述性统计.png","92310","3A9A65FDA4620D96FBD88B8EF64FE17A9913A4CA1DC59EF2AEF795C9E3D3935A"
"归档\2026-10-01指标口径修订\文档回归核验.json","380","C308EBCC8D566226DE3F65331F46B757810EE960B5B8C0A07E30E8EFF1940D4F"
"归档\2026-10-01指标口径修订\指标口径复核.json","5534","C0190286F2EF86390F6D8E8C0DB403923C2CEF3AC472A22F09A6CE99C25B9B91"
"归档\2026-10-01指标口径修订\audit_diversity.py","3996","61C49C5454A2DDEF39996DD1477222D7EE87F6DA1D9FF4943C0ABDE654EDE28A"
"归档\2026-10-01指标口径修订\check_document.py","3399","0C24996D9D2919506AAE725B0C687D537E2A778C46461E96E6ADF63370582CF9"
"归档\2026-10-01指标口径修订\draw_figure7.py","2452","46598AAFE2A7711F4F0519CB1DAB9A2178E263D7A66B2A040BFCC635DDA67ABD"
"归档\2026-10-01指标口径修订\finalize_format.py","4296","0BA7D962D7FB1BA139D7B61FA284BC179EEC09484D6E15C7F6AAF1F827E4287C"
"归档\2026-10-01指标口径修订\normalize_ooxml.py","2308","5B0AC35367181AF6C02E59BB1B4A6704130200B23959791FC6412B2AB7F93021"
"归档\2026-10-01指标口径修订\README.md","3595","B551AB2C31029E59A63CE00CA54FBF39D23A15ABD4C2CB8610336A6BCC039E14"
"归档\2026-10-01指标口径修订\render_with_libreoffice.ps1","797","C5FD25A6C98AA2738DBA206D577F4873B3338E387ED0D79E94C159FE33CE0A6C"
"归档\2026-10-01指标口径修订\revise_manuscript.py","10100","8E00F89F6CE54444FCE7CF8DE21A86F47F7279635D8694BFA7F7C1FA0F203D0B"
"目录约束双档案遗传优化及其在三相油浸式变压器离散设计中的基准测试研究_作者占位优化版.docx","1052658","61952E930E70507C8F46A94C41282A826A23640D5C609643D6B962E25B8C6E35"
"目录约束双档案遗传优化及其在三相油浸式变压器离散设计中的基准测试研究_作者占位优化版.pdf","2515518","2F724C72A8C5F64EA91524384BDD4AD98CD70FA6214D0771EB6ED0A1391CE197"
"README.md","2637","D74186A326BC62E75745605B7C8389F91BD59BCB6BDC4EF7F78117FAAE4C63A6"
